requestId,method,path,expectedStatus,expectedHeader
load-jmeter-001,GET,/actuator/health,200,X-App-Instance
load-jmeter-002,GET,/actuator/health,200,X-App-Instance
load-jmeter-003,GET,/actuator/health,200,X-App-Instance
load-jmeter-004,GET,/actuator/health,200,X-App-Instance
load-jmeter-005,GET,/actuator/health,200,X-App-Instance
load-jmeter-006,GET,/actuator/health,200,X-App-Instance
load-jmeter-007,GET,/actuator/health,200,X-App-Instance
load-jmeter-008,GET,/actuator/health,200,X-App-Instance
load-jmeter-009,GET,/actuator/health,200,X-App-Instance
load-jmeter-010,GET,/actuator/health,200,X-App-Instance
load-jmeter-011,GET,/actuator/health,200,X-App-Instance
load-jmeter-012,GET,/actuator/health,200,X-App-Instance
load-jmeter-013,GET,/actuator/health,200,X-App-Instance
load-jmeter-014,GET,/actuator/health,200,X-App-Instance
load-jmeter-015,GET,/actuator/health,200,X-App-Instance
load-jmeter-016,GET,/actuator/health,200,X-App-Instance
load-jmeter-017,GET,/actuator/health,200,X-App-Instance
load-jmeter-018,GET,/actuator/health,200,X-App-Instance
load-jmeter-019,GET,/actuator/health,200,X-App-Instance
load-jmeter-020,GET,/actuator/health,200,X-App-Instance
load-jmeter-021,GET,/actuator/health,200,X-App-Instance
load-jmeter-022,GET,/actuator/health,200,X-App-Instance
load-jmeter-023,GET,/actuator/health,200,X-App-Instance
load-jmeter-024,GET,/actuator/health,200,X-App-Instance
load-jmeter-025,GET,/actuator/health,200,X-App-Instance
load-jmeter-026,GET,/actuator/health,200,X-App-Instance
load-jmeter-027,GET,/actuator/health,200,X-App-Instance
load-jmeter-028,GET,/actuator/health,200,X-App-Instance
load-jmeter-029,GET,/actuator/health,200,X-App-Instance
load-jmeter-030,GET,/actuator/health,200,X-App-Instance
load-jmeter-031,GET,/actuator/health,200,X-App-Instance
load-jmeter-032,GET,/actuator/health,200,X-App-Instance
load-jmeter-033,GET,/actuator/health,200,X-App-Instance
load-jmeter-034,GET,/actuator/health,200,X-App-Instance
load-jmeter-035,GET,/actuator/health,200,X-App-Instance
load-jmeter-036,GET,/actuator/health,200,X-App-Instance
load-jmeter-037,GET,/actuator/health,200,X-App-Instance
load-jmeter-038,GET,/actuator/health,200,X-App-Instance
load-jmeter-039,GET,/actuator/health,200,X-App-Instance
load-jmeter-040,GET,/actuator/health,200,X-App-Instance
